"Name","Team","W","L","SV","G","GS","IP","K/9","BB/9","HR/9","BABIP","LOB%","GB%","HR/FB","ERA","FIP","xFIP","WAR","playerid"
"Gerrit Cole","Astros","20","5","0","33","33","212.1","13.82","2.03","1.23",".275","83.3%","40.3%","16.9%","2.50","2.64","2.48","7.4","13125"
"Jacob deGrom","Mets","11","8","0","32","32","204.0","11.25","1.94","0.84",".282","81.8%","44.4%","11.2%","2.43","2.67","3.11","7.0","10954"
"Lance Lynn","Rangers","16","11","0","33","33","208.1","10.63","2.55","0.91",".322","74.4%","40.3%","9.9%","3.67","3.13","3.85","6.8","2520"
"Max Scherzer","Nationals","11","7","0","27","27","172.1","12.69","1.72","0.94",".321","78.7%","40.8%","11.6%","2.92","2.45","2.88","6.5","3137"
"Justin Verlander","Astros","21","6","0","34","34","223.0","12.11","1.70","1.45",".218","88.4%","35.9%","16.0%","2.58","3.27","3.18","6.4","8700"
"Charlie Morton","Rays","16","6","0","33","33","194.2","11.10","2.64","0.69",".298","75.3%","48.2%","10.4%","3.05","2.81","3.28","6.1","4676"
"Stephen Strasburg","Nationals","18","6","0","33","33","209.0","10.81","2.41","1.03",".274","76.5%","51.1%","16.2%","3.32","3.25","3.17","5.7","10131"
"Shane Bieber","Indians","15","8","0","33","33","212.1","10.89","1.70","1.31",".295","77.6%","44.1%","16.1%","3.26","3.33","3.23","5.6","19427"
"Zack Greinke","- - -","18","5","0","33","33","208.2","8.07","1.29","0.91",".271","75.7%","45.2%","10.9%","2.93","3.22","3.74","5.4","1943"
"Lucas Giolito","White Sox","14","9","0","29","29","176.2","11.62","2.90","1.22",".273","77.7%","36.0%","13.6%","3.41","3.43","3.66","5.1","15474"
"Walker Buehler","Dodgers","14","4","0","30","30","182.1","10.61","1.83","0.99",".290","71.0%","42.7%","12.2%","3.26","3.01","3.37","5.0","19374"
"Hyun-Jin Ryu","Dodgers","14","5","0","29","29","182.2","8.03","1.18","0.84",".278","82.2%","50.4%","13.0%","2.32","3.10","3.32","4.8","14444"
"Patrick Corbin","Nationals","14","7","0","33","33","202.0","10.60","3.12","1.07",".290","77.3%","49.5%","14.4%","3.25","3.49","3.59","4.8","9323"
"Jack Flaherty","Cardinals","11","8","0","33","33","196.1","10.59","2.52","1.15",".242","83.3%","39.5%","13.8%","2.75","3.46","3.64","4.7","17479"
"Zack Wheeler","Mets","11","8","0","31","31","195.1","8.98","2.30","1.01",".311","71.4%","43.2%","10.9%","3.96","3.48","4.06","4.7","10310"
"Mike Clevinger","Indians","13","4","0","21","21","126.0","12.07","2.64","0.71",".306","80.2%","40.8%","9.7%","2.71","2.49","3.09","4.5","12808"
"Jose Berrios","Twins","14","8","0","32","32","200.1","8.76","2.29","1.17",".299","73.5%","42.1%","12.0%","3.68","3.85","4.32","4.4","14168"
"Noah Syndergaard","Mets","10","8","0","32","32","197.2","9.20","2.28","1.09",".313","68.9%","48.0%","13.3%","4.28","3.60","3.83","4.4","11762"
"Sonny Gray","Reds","11","8","0","31","31","175.1","10.52","3.49","0.87",".255","79.7%","50.8%","13.0%","2.87","3.42","3.65","4.4","12768"
"Jake Odorizzi","Twins","15","7","0","30","30","159.0","10.08","3.00","0.91",".302","75.5%","35.0%","8.8%","3.51","3.36","4.33","4.3","6397"
"Mike Minor","Rangers","14","10","0","32","32","208.1","8.64","2.94","1.30",".287","80.3%","40.0%","12.9%","3.59","4.25","4.60","4.1","10021"
"Kyle Hendricks","Cubs","11","10","0","30","30","177.0","7.63","1.63","0.97",".287","71.8%","41.3%","10.4%","3.46","3.61","4.26","4.1","12049"
"Luis Castillo","Reds","15","8","0","32","32","190.2","10.67","3.73","1.04",".262","76.7%","55.2%","17.9%","3.40","3.70","3.48","4.1","15689"
"Mike Soroka","Braves","13","4","0","29","29","174.2","7.32","2.11","0.72",".280","79.9%","51.2%","11.1%","2.68","3.45","3.85","4.0","18383"
"Marcus Stroman","- - -","10","13","0","32","32","184.1","7.76","2.83","0.88",".307","76.1%","53.7%","12.6%","3.22","3.72","3.99","3.9","13431"
"Eduardo Rodriguez","Red Sox","19","6","0","34","34","203.1","9.43","3.32","1.06",".317","77.7%","48.5%","13.3%","3.81","3.86","4.10","3.7","13164"
"Marco Gonzales","Mariners","16","13","0","34","34","203.0","6.52","2.48","1.02",".295","69.2%","40.7%","9.3%","3.99","4.15","5.11","3.7","15467"
"Chris Sale","Red Sox","6","11","0","25","25","147.1","13.32","2.26","1.47",".309","66.7%","42.8%","19.5%","4.40","3.39","2.93","3.6","10603"
"James Paxton","Yankees","15","6","0","29","29","150.2","11.11","3.29","1.37",".313","76.2%","38.4%","14.1%","3.82","3.86","4.03","3.5","11828"
"Aaron Nola","Phillies","12","7","0","34","34","202.1","10.19","3.56","1.20",".295","76.8%","49.7%","17.4%","3.87","4.03","3.82","3.4","16149"
"German Marquez","Rockies","12","5","0","28","28","174.0","9.05","1.81","1.50",".304","68.1%","49.0%","20.1%","4.76","4.06","3.54","3.4","15038"
"Clayton Kershaw","Dodgers","16","5","0","28","28","177.1","9.54","2.08","1.42",".264","84.0%","48.0%","18.5%","3.05","3.87","3.51","3.4","2036"
"Jose Quintana","Cubs","13","9","0","31","31","167.0","7.76","2.32","1.08",".322","65.5%","44.3%","12.3%","4.80","3.85","4.24","3.3","11423"
"Matthew Boyd","Tigers","9","12","0","32","32","185.1","11.56","2.43","1.89",".307","74.4%","35.6%","18.2%","4.56","4.32","3.88","3.3","15440"
"Brandon Woodruff","Brewers","11","3","0","22","22","121.2","10.58","2.22","0.89",".320","74.7%","44.6%","12.0%","3.62","3.01","3.36","3.3","16162"
"Trevor Bauer","- - -","11","13","0","34","34","213.0","10.69","3.46","1.44",".287","70.4%","37.6%","15.3%","4.48","4.34","4.33","3.3","12703"
"Joe Musgrove","Pirates","11","12","0","31","31","168.1","8.34","2.09","1.12",".302","63.2%","44.1%","11.7%","4.49","3.84","4.33","3.3","12970"
"Masahiro Tanaka","Yankees","11","8","0","31","31","179.0","7.39","1.96","1.41",".290","70.6%","47.8%","15.6%","4.47","4.29","4.25","3.2","15764"
"Madison Bumgarner","Giants","9","9","0","34","34","207.2","8.80","1.86","1.30",".289","71.8%","35.8%","12.6%","3.90","3.90","4.31","3.2","5524"
"Jon Gray","Rockies","11","8","0","25","25","149.2","9.02","3.19","1.14",".314","75.5%","50.2%","17.1%","3.85","4.00","3.83","3.1","14916"
"Frankie Montas","Athletics","9","2","0","16","16","96.0","9.66","2.16","0.75",".297","76.2%","49.4%","10.7%","2.63","3.00","3.47","3.0","14309"
"Max Fried","Braves","17","6","0","30","30","160.1","9.43","2.47","1.18",".342","73.7%","53.2%","20.2%","4.15","3.74","3.33","2.9","13743"
"Spencer Turnbull","Tigers","3","17","0","30","30","148.1","8.86","3.58","0.85",".333","68.3%","48.3%","10.1%","4.61","3.99","4.63","2.9","16207"
"Homer Bailey","- - -","13","9","0","31","31","163.1","8.21","2.92","1.16",".301","71.2%","44.3%","12.8%","4.57","4.11","4.43","2.9","8362"
"John Means","Orioles","10","11","0","27","27","147.1","6.60","2.14","1.34",".255","74.4%","30.6%","9.7%","3.73","4.48","5.61","2.8","16269"
"Jon Lester","Cubs","13","10","0","31","31","171.2","8.65","2.73","1.36",".347","71.4%","43.3%","14.6%","4.46","4.26","4.35","2.8","4930"
"Blake Snell","Rays","6","8","0","23","23","107.0","12.36","3.36","1.18",".343","71.6%","39.0%","15.4%","4.29","3.32","3.31","2.7","13543"
"Michael Pineda","Twins","11","5","0","26","26","146.0","8.63","1.73","1.42",".292","74.8%","36.1%","13.5%","4.01","4.02","4.30","2.6","5372"
"Yu Darvish","Cubs","6","8","0","31","31","178.2","11.54","2.82","1.66",".266","77.7%","45.5%","22.8%","3.98","4.18","3.39","2.6","13074"
"Kyle Gibson","Twins","13","7","0","29","29","154.2","8.84","3.08","1.28",".328","66.9%","51.4%","20.2%","4.89","4.26","3.81","2.5","10123"
"Miles Mikolas","Cardinals","9","14","0","32","32","184.0","7.04","1.57","1.32",".302","73.8%","47.4%","16.1%","4.16","4.27","4.18","2.5","9803"
"Cole Hamels","Cubs","7","7","0","27","27","141.2","9.08","3.56","1.08",".315","77.7%","47.3%","12.9%","3.81","4.09","4.38","2.5","4972"
"Anibal Sanchez","Nationals","11","8","0","30","30","166.0","7.27","3.14","1.19",".265","74.9%","38.0%","11.1%","3.85","4.44","5.10","2.5","3284"
"Dylan Bundy","Orioles","7","14","0","30","30","161.2","9.02","3.23","1.61",".297","70.5%","41.5%","16.4%","4.79","4.73","4.58","2.5","12917"
"Chris Paddack","Padres","9","7","0","26","26","140.2","9.79","1.98","1.47",".237","76.9%","40.2%","14.6%","3.33","3.95","4.05","2.4","20099"
"Anthony DeSclafani","Reds","9","9","0","31","31","166.2","9.02","2.65","1.57",".273","77.7%","42.9%","16.2%","3.89","4.43","4.30","2.4","13050"
"Robbie Ray","Diamondbacks","12","8","0","33","33","174.1","12.13","4.34","1.55",".305","75.1%","37.0%","20.0%","4.34","4.29","3.76","2.4","11486"
"David Price","Red Sox","7","5","0","22","22","107.1","10.73","2.68","1.26",".336","70.7%","41.0%","14.4%","4.28","3.62","3.73","2.3","3184"
"Tyler Glasnow","Rays","6","1","0","12","12","60.2","11.27","2.08","0.59",".265","84.7%","50.4%","8.5%","1.78","2.26","2.94","2.3","14374"
"Sandy Alcantara","Marlins","6","14","0","32","32","197.1","6.89","3.69","1.05",".271","73.8%","44.6%","10.8%","3.88","4.55","5.17","2.3","18684"
"Kenta Maeda","Dodgers","8","8","0","26","26","137.0","9.66","3.09","1.25",".249","71.1%","40.7%","13.9%","4.14","3.99","4.17","2.3","18498"
"Reynaldo Lopez","White Sox","10","15","0","33","33","184.0","8.27","3.18","1.71",".316","69.2%","35.0%","14.0%","5.38","5.04","5.27","2.3","16400"
"Eric Lauer","Padres","8","10","0","29","29","148.1","8.31","3.09","1.21",".314","70.7%","39.3%","11.7%","4.49","4.25","4.79","2.2","19316"
"Brad Keller","Royals","7","14","0","28","28","165.1","6.64","3.81","0.82",".282","72.2%","50.0%","10.2%","4.19","4.35","4.94","2.2","15734"
"Adam Wainwright","Cardinals","14","10","0","31","31","171.2","8.02","3.36","1.15",".319","76.5%","48.8%","15.0%","4.19","4.36","4.39","2.2","2233"
"Joey Lucchesi","Padres","10","10","0","30","30","163.2","8.69","3.08","1.26",".271","73.0%","47.0%","13.9%","4.18","4.17","4.36","2.1","19320"
"Daniel Norris","Tigers","3","13","0","29","29","136.0","8.01","2.32","1.46",".310","73.4%","42.5%","15.1%","4.50","4.40","4.43","2.1","13475"
"Merrill Kelly","Diamondbacks","13","14","0","32","32","183.1","7.76","2.80","1.42",".292","73.1%","42.0%","14.8%","4.42","4.51","4.58","2.0","11156"
"Chris Bassitt","Athletics","10","5","0","25","25","139.0","8.55","2.91","1.36",".269","75.9%","41.3%","14.0%","3.95","4.51","4.69","2.0","12304"
"Ivan Nova","White Sox","11","12","0","34","34","187.0","5.49","2.26","1.44",".322","72.8%","46.1%","15.8%","4.72","4.98","4.91","2.0","1994"
"Brett Anderson","Athletics","13","9","0","31","31","176.0","4.60","2.51","1.02",".278","74.8%","54.5%","13.3%","3.89","4.57","4.79","2.0","8223"
"Wade Miley","Astros","14","6","0","33","33","167.1","7.53","3.28","1.24",".287","74.3%","49.7%","15.2%","3.98","4.51","4.52","2.0","8779"
"Tanner Roark","- - -","10","10","0","31","31","165.1","8.60","2.78","1.52",".322","78.1%","36.2%","15.5%","4.35","4.67","4.64","1.9","8753"
"Ryan Yarbrough","Rays","3","5","0","14","14","85.2","7.46","1.16","0.95",".266","61.7%","44.5%","10.1%","4.31","3.59","4.29","1.9","16502"
"Luke Weaver","Diamondbacks","4","3","0","12","12","64.1","9.65","1.96","0.84",".292","78.6%","40.7%","9.2%","2.94","3.07","3.87","1.8","16918"
"Tyler Skaggs","Angels","7","7","0","15","15","79.2","8.81","3.16","1.02",".294","68.6%","37.1%","11.4%","4.29","3.85","4.36","1.8","10190"
"Jason Vargas","- - -","7","9","0","29","29","148.2","7.45","3.81","1.21",".272","70.8%","38.6%","10.9%","4.30","4.70","5.41","1.8","8044"
"Martin Perez","Twins","9","7","0","29","29","157.0","7.05","3.32","1.32",".309","68.4%","47.9%","15.6%","4.99","4.72","4.68","1.8","6902"
"Rick Porcello","Red Sox","14","12","0","32","32","174.1","7.38","2.32","1.60",".308","65.7%","38.1%","13.1%","5.52","4.76","5.14","1.8","2717"
"Mike Fiers","Athletics","15","4","0","33","33","184.2","6.14","2.58","1.46",".254","78.5%","39.9%","13.8%","3.90","4.97","5.19","1.7","7754"
"Steven Matz","Mets","11","10","0","30","30","159.1","8.64","2.94","1.53",".298","75.1%","46.9%","17.4%","4.24","4.61","4.34","1.6","13361"
"Yonny Chirinos","Rays","6","5","0","18","18","104.1","7.94","1.98","1.38",".250","76.5%","45.2%","17.4%","3.54","4.13","3.89","1.6","16401"
"Jordan Lyles","- - -","12","8","0","28","28","141.0","9.32","3.51","1.60",".285","75.7%","40.3%","15.5%","4.15","4.64","4.61","1.6","7593"
"Julio Teheran","Braves","10","11","0","33","33","174.2","8.35","4.28","1.13",".266","76.6%","39.0%","11.2%","3.81","4.66","5.26","1.6","6797"
"Zach Davies","Brewers","10","7","0","31","31","159.2","5.75","2.87","1.13",".272","75.0%","40.1%","11.0%","3.55","4.56","5.20","1.6","13183"
"Zac Gallen","- - -","3","6","0","15","15","80.0","10.80","4.05","0.90",".284","83.7%","38.9%","10.8%","2.81","3.61","4.15","1.6","19291"
"Pablo Lopez","Marlins","5","8","0","21","21","111.1","7.68","2.18","1.21",".299","66.4%","47.6%","14.6%","5.09","4.28","4.37","1.6","17085"
"Trent Thornton","Blue Jays","5","9","0","29","29","139.1","8.72","3.81","1.49",".313","72.3%","31.0%","13.6%","5.04","4.80","5.07","1.6","17948"
"Jakob Junis","Royals","9","14","0","31","31","175.1","8.42","2.98","1.59",".318","70.3%","42.4%","16.7%","5.24","4.82","4.63","1.5","13619"
"Aaron Civale","Indians","3","4","0","10","10","57.2","7.18","2.50","0.62",".250","77.6%","40.5%","6.6%","2.34","3.40","4.61","1.5","19479"
"Domingo German","Yankees","16","4","0","24","24","134.2","9.49","2.47","2.00",".264","77.7%","38.3%","19.9%","4.28","4.91","4.25","1.5","17149"
"Zach Eflin","Phillies","10","13","0","28","28","157.2","6.96","2.57","1.54",".294","73.0%","44.2%","15.8%","4.22","4.86","4.79","1.5","13774"
"Andrew Cashner","- - -","10","7","0","23","23","126.2","6.18","3.27","1.28",".282","67.9%","50.0%","13.4%","4.83","4.87","5.13","1.5","8782"
"Ross Stripling","Dodgers","2","3","0","15","15","70.0","9.13","1.80","1.29",".296","75.8%","53.6%","17.9%","3.60","3.69","3.42","1.5","13273"
"Jeff Samardzija","Giants","11","12","0","32","32","181.1","6.95","2.43","1.39",".240","76.9%","36.4%","12.6%","3.52","4.59","5.02","1.5","3254"
"Tyler Mahle","Reds","3","12","0","25","25","129.2","8.95","2.36","1.74",".307","66.7%","47.0%","20.8%","5.14","4.66","3.99","1.4","16358"
"Griffin Canning","Angels","5","5","0","17","17","88.1","9.58","2.95","1.32",".272","75.7%","36.7%","12.3%","4.18","4.26","4.73","1.4","19867"
"Trevor Richards","- - -","4","12","0","23","23","123.1","8.39","3.72","1.31",".294","76.6%","35.6%","12.0%","4.38","4.61","5.13","1.4","19309"
"Jordan Zimmermann","Tigers","1","13","0","23","23","112.0","6.59","2.01","1.53",".339","58.2%","41.9%","14.7%","6.91","4.79","4.87","1.3","4505"
"Ryne Stanek","Rays","0","1","0","27","27","43.0","10.26","2.93","0.63",".252","79.9%","34.6%","6.3%","2.09","2.82","4.13","1.3","15947"
"Danny Duffy","Royals","7","6","0","23","23","130.2","7.92","3.17","1.45",".285","73.5%","36.0%","13.0%","4.34","4.78","5.14","1.3","3542"
"Dinelson Lamet","Padres","3","5","0","14","14","73.0","12.95","3.70","1.48",".311","73.6%","36.3%","19.7%","4.07","3.91","3.44","1.3","17186"
"Chase Anderson","Brewers","7","4","0","27","27","129.0","7.74","3.21","1.40",".264","76.1%","35.3%","12.0%","4.19","4.76","5.32","1.3","6895"
"Mitch Keller","Pirates","1","5","0","11","11","48.0","12.19","3.00","1.13",".475","59.6%","39.2%","13.0%","7.13","3.19","3.47","1.3","17594"
"Andrew Heaney","Angels","4","6","0","18","18","95.1","11.14","2.83","1.89",".312","75.5%","33.6%","18.3%","4.91","4.63","4.18","1.2","15423"
"Kevin Gausman","- - -","3","8","0","17","17","82.0","9.55","2.96","1.43",".345","58.4%","36.8%","14.1%","6.37","4.29","4.46","1.2","14107"
"Gio Gonzalez","Brewers","2","2","0","17","17","81.0","7.89","4.00","1.00",".282","75.7%","43.9%","12.5%","3.78","4.24","4.56","1.2","7448"
"Steven Brault","Pirates","3","5","0","19","19","95.2","8.09","3.95","1.22",".311","70.1%","45.2%","13.5%","4.99","4.69","4.92","1.2","15291"
"Brad Peacock","Astros","5","6","0","15","15","80.2","9.15","2.57","1.45",".278","75.8%","38.6%","13.7%","4.24","4.32","4.56","1.1","5401"
"Dakota Hudson","Cardinals","16","7","0","32","32","174.0","7.03","4.40","1.14",".275","78.0%","56.9%","20.0%","3.36","4.92","4.53","1.1","19206"
"J.A. Happ","Yankees","12","8","0","30","30","156.1","7.71","2.76","1.96",".279","75.6%","39.5%","18.8%","5.01","5.34","4.82","1.1","7410"
"Carlos Carrasco","Indians","4","6","0","12","12","65.0","10.94","1.52","1.94",".353","73.8%","39.2%","20.0%","4.98","4.14","3.48","1.1","6632"
"Jake Arrieta","Phillies","8","8","0","24","24","135.2","7.30","3.38","1.39",".316","73.8%","51.3%","19.4%","4.64","4.89","4.46","1.1","4153"
"Adrian Houser","Brewers","2","7","0","18","18","80.2","9.37","2.90","1.34",".323","73.1%","51.8%","20.7%","4.57","4.22","3.71","1.1","12718"
"Kolby Allard","Rangers","4","2","0","9","9","45.1","6.55","3.77","0.60",".325","68.3%","45.0%","6.8%","4.96","4.01","5.08","1.1","18694"
"Caleb Smith","Marlins","10","11","0","28","28","153.1","9.86","3.52","1.94",".251","75.8%","26.1%","15.6%","4.52","5.11","5.05","1.0","14875"
"Zach Plesac","Indians","8","6","0","21","21","115.2","6.85","3.11","1.48",".255","78.6%","39.1%","14.5%","3.81","4.94","5.06","1.0","19979"
"Trevor Williams","Pirates","7","9","0","26","26","145.2","6.98","2.72","1.67",".303","68.5%","37.1%","14.5%","5.38","5.12","5.25","1.0","16977"
"Mike Leake","- - -","12","11","0","32","32","197.0","5.80","1.23","1.87",".295","72.6%","46.8%","18.2%","4.29","5.19","4.76","1.0","10130"
"Cal Quantrill","Padres","4","8","0","18","18","91.2","7.66","2.36","1.47",".304","63.2%","42.9%","14.9%","5.69","4.52","4.59","1.0","19312"
"Joe Ross","Nationals","4","2","0","9","9","44.2","7.66","4.43","0.60",".310","82.2%","45.4%","7.5%","3.02","3.86","4.77","0.9","12972"
"Tyler Alexander","Tigers","1","4","0","8","8","41.2","7.56","1.08","1.30",".365","75.1%","40.8%","12.2%","4.54","3.91","4.38","0.9","17735"
"Austin Voth","Nationals","2","1","0","8","8","41.1","8.71","2.83","1.09",".250","77.5%","34.3%","10.9%","3.48","4.01","4.65","0.9","15047"
"Rich Hill","Dodgers","4","1","0","13","13","58.2","11.05","2.76","1.53",".275","89.3%","49.6%","22.2%","2.45","4.10","3.41","0.9","4806"
"Jordan Yamamoto","Marlins","4","5","0","15","15","78.2","9.38","4.12","1.26",".225","66.6%","35.6%","12.6%","4.46","4.51","4.89","0.9","17585"
"Asher Wojciechowski","Orioles","4","8","0","16","16","81.2","8.60","3.09","1.87",".274","75.9%","30.3%","13.7%","4.96","5.37","5.68","0.9","10836"
"Carlos Rodon","White Sox","3","2","0","7","7","34.2","11.94","4.41","1.04",".322","63.9%","43.0%","11.4%","5.19","3.62","4.13","0.9","16137"
"Julio Urias","Dodgers","1","1","0","8","8","30.1","10.98","2.37","0.89",".303","72.3%","31.6%","8.3%","3.26","3.05","4.12","0.8","14765"
"Jose Urquidy","Astros","2","1","0","7","7","34.0","9.53","1.59","1.32",".293","71.0%","44.1%","14.7%","4.24","3.54","3.61","0.8","18413"
"Dallas Keuchel","Braves","8","8","0","19","19","112.2","7.27","3.12","1.28",".298","80.4%","60.1%","23.9%","3.75","4.72","4.06","0.8","9434"
"Mike Foltynewicz","Braves","8","6","0","21","21","117.0","8.08","2.85","1.77",".265","71.7%","36.7%","16.9%","4.54","4.97","4.73","0.8","10811"
"Aaron Sanchez","- - -","5","14","0","27","27","131.1","7.88","4.66","1.37",".320","67.4%","46.9%","16.1%","5.89","5.25","5.15","0.8","11490"
"Ariel Jurado","Rangers","5","9","0","18","18","93.0","6.39","3.00","1.65",".336","58.4%","44.6%","16.8%","6.68","5.30","5.08","0.8","17030"
"Sean Manaea","Athletics","4","0","0","5","5","29.2","9.10","2.12","0.91",".194","100.0%","41.2%","10.7%","1.21","3.42","3.98","0.8","15873"
"Jameson Taillon","Pirates","2","3","0","7","7","37.1","7.23","1.93","0.96",".263","52.1%","49.6%","12.9%","4.10","3.80","4.06","0.8","11674"
"Daniel Mengden","Athletics","5","2","0","9","9","49.0","6.43","3.86","0.92",".264","72.4%","34.2%","7.6%","4.22","4.40","5.75","0.7","16980"
"Jose Urena","Marlins","4","7","0","13","13","74.2","6.15","2.77","1.21",".318","69.8%","50.6%","14.7%","4.70","4.59","4.66","0.7","11589"
"Brendan McKay","Rays","2","4","0","11","11","46.2","10.22","2.89","1.54",".331","62.0%","35.3%","13.8%","5.40","4.14","4.38","0.7","20186"
"Vince Velasquez","Phillies","6","7","0","23","23","107.0","9.67","3.11","1.93",".296","74.5%","34.0%","17.6%","4.96","5.15","4.79","0.7","11189"
"Jacob Waguespack","Blue Jays","4","5","0","13","13","65.1","6.89","3.44","1.24",".281","73.1%","40.3%","11.8%","4.13","4.81","5.33","0.7","18318"
"Antonio Senzatela","Rockies","11","11","0","25","25","124.2","5.49","4.11","1.37",".333","63.0%","53.8%","18.3%","6.71","5.44","5.12","0.7","15488"
"Adam Plutko","Indians","7","5","0","20","20","104.2","6.62","2.15","1.89",".270","75.8%","29.5%","14.0%","4.64","5.31","5.56","0.7","15846"
"Chris Archer","Pirates","3","9","0","23","23","119.2","10.75","4.14","1.88",".298","72.5%","36.3%","20.2%","5.19","5.02","4.36","0.7","6345"
"Dustin May","Dodgers","1","2","0","4","4","22.1","6.85","1.21","0.40",".299","63.6%","40.3%","5.0%","2.82","2.81","4.01","0.7","19716"
"Dylan Cease","White Sox","4","7","0","14","14","73.0","9.99","4.32","1.85",".326","68.1%","45.7%","21.4%","5.79","5.19","4.42","0.7","18525"
"Randy Dobnak","Twins","2","1","0","5","5","19.1","7.45","2.33","0.00",".245","71.4%","50.9%","0.0%","1.86","2.80","4.34","0.7","23798"
"Matt Shoemaker","Blue Jays","3","0","0","5","5","28.2","7.53","2.83","0.94",".183","87.2%","51.4%","11.1%","1.57","3.95","4.46","0.6","4776"
"Corey Kluber","Indians","2","3","0","7","7","35.2","9.59","3.79","1.01",".370","63.8%","40.0%","9.8%","5.80","4.06","4.88","0.6","2429"
"Jesse Chavez","Rangers","1","3","0","9","9","30.0","8.40","1.50","1.50",".284","45.2%","39.8%","14.7%","6.00","4.31","4.40","0.6","5448"
"Alex Young","Diamondbacks","7","5","0","15","15","77.0","8.06","3.16","1.64",".254","74.0%","47.1%","17.9%","3.86","4.95","4.61","0.5","18333"
"Luis Severino","Yankees","1","1","0","3","3","12.0","12.75","4.50","0.00",".250","84.6%","41.7%","0.0%","1.50","2.13","3.95","0.5","15890"
"Devin Smeltzer","Twins","2","2","0","6","6","30.2","6.46","2.35","1.17",".264","73.3%","35.5%","10.5%","4.11","4.36","5.12","0.5","19487"
"Matt Wisler","Mariners","0","0","0","8","8","10.0","9.00","0.90","0.00",".174","100.0%","13.0%","0.0%","0.00","1.51","4.30","0.5","12804"
"Tony Gonsolin","Dodgers","2","2","0","6","6","28.0","7.71","3.21","0.96",".218","73.6%","39.2%","7.9%","2.89","3.96","5.27","0.5","19388"
"Jefry Rodriguez","Indians","1","5","0","8","8","43.2","6.60","3.92","1.03",".299","68.4%","49.3%","11.9%","4.74","4.54","4.97","0.5","17018"
"Logan Webb","Giants","2","3","0","8","8","39.2","8.39","3.18","1.13",".333","65.4%","48.8%","17.9%","5.22","4.12","3.89","0.5","17995"
"Matt Moore","Tigers","0","0","0","2","2","10.0","8.10","0.90","0.00",".130","100.0%","59.1%","0.0%","0.00","1.71","3.11","0.5","1890"
"Alec Mills","Cubs","0","0","0","4","4","20.0","11.70","2.70","0.90",".354","88.2%","50.0%","12.5%","2.70","3.56","3.86","0.4","13834"
"Justus Sheffield","Mariners","0","1","0","7","7","33.0","9.27","3.82","1.09",".384","73.0%","52.0%","13.8%","5.45","4.27","4.45","0.4","17285"
"Tommy Milone","Mariners","1","3","0","6","6","31.0","9.87","2.32","1.74",".296","71.0%","32.9%","16.2%","4.65","4.31","4.17","0.4","7608"
"Shaun Anderson","Giants","3","4","0","16","16","82.2","5.99","3.38","1.31",".317","68.9%","43.5%","15.8%","5.33","4.97","4.91","0.4","19453"
"Matt Strahm","Padres","3","7","0","16","16","81.2","8.93","1.87","2.09",".307","73.8%","33.6%","17.9%","5.29","5.06","4.62","0.4","13799"
"Rogelio Armenteros","Astros","1","1","0","2","2","9.0","9.00","3.00","0.00",".346","50.0%","32.0%","0.0%","6.00","2.21","3.98","0.4","17679"
"Daniel Ponce de Leon","Cardinals","0","2","0","8","8","34.2","8.05","4.93","1.04",".258","73.7%","46.9%","12.1%","4.15","4.74","5.14","0.4","16110"
"Wilmer Font","- - -","0","4","0","17","17","34.2","10.38","3.89","1.82",".291","75.9%","31.5%","15.2%","4.93","4.92","4.93","0.4","5257"
"Chad Green","Yankees","0","1","0","15","15","19.1","14.90","3.72","1.86",".368","84.8%","35.7%","25.0%","3.72","4.15","3.10","0.4","15552"
"CC Sabathia","Yankees","5","8","0","22","22","106.1","8.89","3.30","2.29",".292","77.5%","39.6%","21.4%","4.99","5.72","4.78","0.4","404"
"Elieser Hernandez","Marlins","3","4","0","15","15","74.2","9.40","2.65","2.05",".254","76.2%","32.8%","16.8%","4.58","5.33","5.06","0.3","16933"
"Freddy Peralta","Brewers","2","2","0","8","8","35.2","11.61","2.78","2.27",".373","59.1%","30.3%","20.0%","7.07","5.01","4.24","0.3","18679"
"Andrew Kittredge","Rays","0","0","0","7","7","11.2","15.43","2.31","1.54",".500","58.1%","46.9%","40.0%","6.94","2.79","1.41","0.3","12828"
"Anthony Kay","Blue Jays","0","0","0","2","2","10.0","9.00","3.60","0.00",".367","56.3%","53.3%","0.0%","6.30","2.71","3.71","0.3","20387"
"Mike Montgomery","Royals","2","7","0","13","13","64.0","7.17","2.95","1.69",".346","76.6%","51.5%","21.8%","4.64","5.23","4.50","0.3","4869"
"Tyler Chatwood","Cubs","1","1","0","5","5","22.2","8.34","4.76","0.79",".317","75.3%","45.2%","13.3%","3.97","4.49","4.66","0.3","4338"
"Austin Pruitt","Rays","0","0","0","2","2","10.1","8.71","0.87","0.87",".259","100.0%","51.9%","11.1%","0.87","2.83","3.30","0.3","15290"
"Aaron Brooks","- - -","5","8","0","18","18","82.0","6.48","3.07","1.87",".318","64.4%","43.8%","16.5%","6.59","5.71","5.52","0.3","12272"
"Logan Allen","Padres","2","2","0","4","4","19.1","6.05","4.19","0.47",".375","59.5%","54.0%","9.1%","6.98","4.09","4.55","0.3","18555"
"Lucas Sims","Reds","1","1","0","4","4","16.2","9.18","2.16","1.62",".262","47.3%","20.9%","12.5%","6.48","4.41","4.94","0.3","13470"
"Taylor Cole","Angels","0","2","0","6","6","7.1","9.82","3.68","0.00",".500","40.0%","41.7%","0.0%","11.05","2.26","3.07","0.3","11964"
"Drew VerHagen","Tigers","2","2","0","4","4","19.2","10.07","2.75","1.83",".414","68.0%","48.4%","19.0%","5.95","4.69","4.17","0.3","13424"
"Sean Newcomb","Braves","0","0","0","4","4","15.0","4.80","6.00","0.00",".346","71.4%","44.2%","0.0%","3.60","4.15","6.80","0.3","16943"
"Tanner Anderson","Athletics","0","3","0","5","5","22.1","7.25","2.82","1.61",".342","66.9%","53.2%","19.0%","6.04","4.87","4.41","0.2","18029"
"Yusei Kikuchi","Mariners","6","11","0","32","32","161.2","6.46","2.78","2.00",".310","70.8%","44.0%","18.8%","5.46","5.71","5.18","0.2","20633"
"Chi Chi Gonzalez","Rockies","1","5","0","12","12","58.0","5.90","4.81","1.55",".261","71.6%","42.9%","17.2%","5.43","5.80","5.55","0.2","14663"
"Noe Ramirez","Angels","0","2","0","7","7","8.1","10.80","3.24","1.08",".286","46.5%","45.5%","11.1%","6.48","3.45","4.04","0.2","12800"
"Travis Lakins","Red Sox","0","0","0","3","3","5.2","9.53","3.18","0.00",".154","100.0%","46.2%","0.0%","0.00","2.16","3.91","0.2","18600"
"Jon Duplantier","Diamondbacks","0","1","0","3","3","13.0","8.31","2.77","1.38",".359","64.0%","35.0%","12.5%","6.23","4.29","4.74","0.2","19546"
"Tyler Beede","Giants","5","9","0","22","22","112.2","8.47","3.20","1.76",".302","73.0%","44.2%","19.1%","5.03","5.07","4.56","0.2","16981"
"Patrick Sandoval","Angels","0","4","0","9","9","34.1","8.91","4.46","1.57",".286","72.1%","44.7%","22.2%","5.24","5.08","4.37","0.2","19447"
"Pedro Avila","Padres","0","0","0","1","1","5.1","8.44","3.38","0.00",".267","85.7%","40.0%","0.0%","1.69","3.03","5.26","0.2","18864"
"Collin McHugh","Astros","3","4","0","8","8","41.0","9.22","3.07","1.98",".252","56.9%","39.1%","21.4%","6.37","5.26","4.45","0.2","7531"
"Cole Irvin","Phillies","2","1","0","3","3","17.2","6.62","2.55","1.53",".259","58.5%","32.1%","13.6%","5.60","4.97","5.24","0.2","19244"
"Drew Smyly","- - -","4","6","0","21","21","98.0","9.64","4.13","2.30",".311","74.4%","35.8%","21.4%","5.69","5.83","4.88","0.1","11760"
"Felix Pena","Angels","0","2","0","7","7","28.2","7.53","3.45","1.57",".250","57.6%","36.9%","14.7%","5.34","5.38","5.47","0.1","13403"
"Adrian Sampson","Rangers","3","7","0","15","15","78.2","7.67","2.17","2.52",".342","71.6%","40.8%","21.2%","6.41","6.10","5.09","0.1","13339"
"Josh Tomlin","Braves","0","0","0","1","1","3.0","9.00","0.00","0.00",".400","75.0%","30.0%","0.0%","3.00","1.21","3.87","0.1","9388"
"Brian Johnson","Red Sox","0","2","0","7","7","23.0","5.87","4.30","1.17",".367","72.2%","43.8%","9.4%","5.09","5.04","6.11","0.1","14272"
"Clay Buchholz","Blue Jays","2","5","0","12","12","59.0","5.95","2.44","1.98",".319","63.6%","44.9%","18.1%","6.56","5.62","5.18","0.1","3543"
"Buck Farmer","Tigers","0","0","0","1","1","2.0","18.00","4.50","0.00",".500","66.7%","25.0%","0.0%","4.50","0.71","1.71","0.1","14814"
"Kyle Freeland","Rockies","3","11","0","22","22","104.1","6.81","3.36","2.16",".308","62.1%","46.6%","21.7%","6.73","5.99","5.07","0.1","16256"
"Zack Godley","Diamondbacks","1","5","0","9","9","39.0","6.92","5.08","1.15",".362","58.0%","42.4%","11.1%","8.08","5.19","5.82","0.1","14862"
"Jose Leclerc","Rangers","0","0","0","3","3","3.2","9.82","4.91","0.00",".364","83.3%","63.6%","0.0%","2.45","2.67","3.75","0.1","14524"
"Nathan Karns","Orioles","0","1","0","2","2","4.0","11.25","6.75","0.00",".444","85.7%","66.7%","0.0%","0.00","2.96","3.96","0.1","12638"
"Jordan Montgomery","Yankees","0","0","0","1","1","2.0","13.50","0.00","0.00",".500","100.0%","33.3%","0.0%","0.00","0.21","1.21","0.1","16511"
"Matt Grace","Nationals","0","0","0","1","1","2.0","13.50","0.00","0.00",".000","100.0%","33.3%","0.0%","0.00","0.21","2.20","0.1","11449"
"Chris Devenski","Astros","0","1","0","1","1","2.0","0.00","0.00","0.00",".455","40.0%","45.5%","0.0%","4.50","3.21","6.20","0.1","12763"
"Hunter Wood","Rays","0","1","0","2","2","4.0","9.00","4.50","0.00",".333","83.3%","36.4%","0.0%","0.00","2.71","4.70","0.1","15091"
"Jonathan Holder","Yankees","0","0","0","1","1","2.2","6.75","0.00","0.00",".333","33.3%","66.7%","0.0%","6.75","1.71","3.21","0.1","16588"
"Cam Bedrosian","Angels","0","1","0","7","7","7.0","10.29","3.86","1.29",".188","89.3%","47.1%","25.0%","2.57","4.07","3.35","0.1","13360"
"Luke Bard","Angels","0","0","0","3","3","3.0","9.00","0.00","0.00",".333","75.0%","55.6%","0.0%","3.00","2.21","4.20","0.1","14288"
"Michel Baez","Padres","0","0","0","1","1","2.0","18.00","4.50","0.00",".000","100.0%","100.0%","0.0%","0.00","0.71","0.71","0.1","20100"
"T.J. Zeuch","Blue Jays","0","2","0","3","3","13.1","7.43","4.05","1.35",".300","69.8%","45.2%","16.7%","5.40","4.86","4.70","0.1","19269"
"Walker Lockett","Mets","1","1","0","4","4","17.1","6.75","2.60","1.56",".364","56.5%","42.1%","17.6%","7.79","5.00","4.70","0.1","13804"
"Bobby Poyner","Red Sox","0","0","0","1","1","2.0","9.00","0.00","0.00",".000","100.0%","0.0%","0.0%","0.00","1.21","4.20","0.1","17987"
"Peter Lambert","Rockies","3","7","0","19","19","89.1","5.74","3.63","1.81",".333","64.1%","47.3%","20.7%","7.25","5.97","5.29","0.1","17969"
"Hector Velazquez","Red Sox","1","3","0","8","8","22.0","6.55","5.32","1.23",".286","58.4%","32.3%","10.0%","6.95","5.44","6.38","0.1","19341"
"Adrian Morejon","Padres","0","0","0","2","2","4.0","6.75","6.75","0.00",".357","62.5%","21.4%","0.0%","6.75","3.96","6.45","0.1","20039"
"Darwinzon Hernandez","Red Sox","0","1","0","1","1","3.0","21.00","15.00","0.00",".500","50.0%","0.0%","0.0%","9.00","3.55","5.54","0.1","19848"
"Robbie Erlin","Padres","0","1","0","1","1","2.0","9.00","4.50","0.00",".429","75.0%","42.9%","0.0%","4.50","2.71","5.70","0.1","10354"
"Luis Perdomo","Padres","0","0","0","1","1","3.1","0.00","0.00","0.00",".167","50.0%","45.5%","0.0%","0.00","3.21","6.79","0.1","14682"
"Erick Fedde","Nationals","4","2","0","12","12","60.1","4.62","3.73","1.49",".301","80.5%","50.3%","18.5%","4.48","5.68","5.31","0.1","17425"
"Justin Dunn","Mariners","0","0","0","4","4","6.2","6.75","12.15","0.00",".125","81.8%","43.8%","0.0%","2.70","5.76","8.15","0.1","19268"
"Nestor Cortes","Yankees","0","0","0","1","1","2.1","7.71","3.86","0.00",".600","42.9%","40.0%","0.0%","7.71","2.79","5.34","0.1","17874"
"Jose Ruiz","White Sox","0","0","0","1","1","1.2","5.40","0.00","0.00",".429","100.0%","71.4%","0.0%","0.00","2.01","4.40","0.1","14552"
"Tyler Clippard","Indians","0","0","0","3","3","5.1","8.44","0.00","1.69",".214","0.0%","13.3%","9.1%","8.44","4.34","6.00","0.1","5640"
"Hector Santiago","White Sox","0","1","0","2","2","9.1","8.68","4.82","1.93",".321","68.2%","33.3%","15.4%","5.79","5.68","5.66","0.1","4026"
"Sean Reid-Foley","Blue Jays","2","3","0","6","6","24.2","7.30","5.84","1.09",".299","72.9%","43.8%","8.8%","3.65","5.36","6.52","0.1","17034"
"Diego Castillo","Rays","0","1","0","6","6","7.1","8.59","0.00","2.45",".360","61.0%","66.7%","33.3%","6.14","4.85","2.93","0.1","17496"
"Luke Farrell","Rangers","0","0","0","1","1","2.0","0.00","0.00","0.00",".143","0.0%","28.6%","0.0%","4.50","3.21","8.19","0.1","15101"
"Ryan Weber","Red Sox","1","1","0","3","3","11.1","5.56","1.59","1.59",".350","58.1%","45.2%","13.3%","7.94","5.33","5.67","0.1","10160"
"Jonathan Hernandez","Rangers","0","1","0","2","2","5.1","11.81","6.75","1.69",".214","30.3%","53.3%","20.0%","6.75","5.28","4.70","0.1","17464"
"Brian Flynn","Royals","0","1","0","1","1","2.0","13.50","0.00","0.00",".727","30.0%","40.0%","0.0%","31.50","3.21","3.21","0.0","12027"
"Hansel Robles","Angels","0","0","0","1","1","1.0","9.00","0.00","0.00",".000","100.0%","50.0%","0.0%","0.00","1.21","1.21","0.0","11801"
"Daniel Hudson","Blue Jays","0","0","0","1","1","1.0","9.00","0.00","0.00",".500","50.0%","50.0%","0.0%","9.00","1.21","3.20","0.0","7146"
"Joshua James","Astros","0","0","0","1","1","1.0","9.00","0.00","0.00",".000","100.0%","50.0%","0.0%","0.00","1.21","3.20","0.0","16794"
"Taijuan Walker","Diamondbacks","0","0","0","1","1","1.0","9.00","0.00","0.00",".333","100.0%","33.3%","0.0%","0.00","1.21","5.19","0.0","11836"
"Ryan Burr","White Sox","0","1","0","1","1","2.0","4.50","4.50","0.00",".167","50.0%","50.0%","0.0%","0.00","3.71","4.71","0.0","17536"
"Chad Bettis","Rockies","0","2","0","3","3","13.1","6.08","5.40","1.35",".400","55.6%","65.2%","20.0%","8.78","5.61","5.16","0.0","10587"
"Nick Pivetta","Phillies","4","4","0","13","13","69.0","7.57","3.26","2.09",".302","71.4%","41.2%","22.5%","5.74","5.72","4.75","0.0","15454"
"Casey Sadler","Dodgers","0","0","0","1","1","0.2","13.50","0.00","0.00",".333","0.0%","100.0%","0.0%","0.00","0.21","0.21","0.0","11209"
"Archie Bradley","Diamondbacks","0","1","0","1","1","1.1","13.50","13.50","0.00",".714","42.9%","28.6%","0.0%","27.00","4.71","6.21","0.0","12918"
"Sam Tuivailala","Mariners","0","0","0","2","2","2.0","4.50","9.00","0.00",".000","100.0%","20.0%","0.0%","0.00","5.21","9.19","0.0","13485"
"Liam Hendriks","Athletics","0","0","0","2","2","2.0","9.00","9.00","0.00",".500","60.0%","16.7%","0.0%","9.00","4.21","6.20","0.0","3548"
"Jonathan Loaisiga","Yankees","0","2","0","4","4","12.0","10.50","5.25","2.25",".353","73.0%","32.4%","20.0%","6.75","5.88","5.12","0.0","19753"
"Neil Ramirez","Blue Jays","0","0","0","1","1","1.0","0.00","0.00","0.00",".000","100.0%","33.3%","0.0%","0.00","3.21","5.20","0.0","7677"
"Michael Wacha","Cardinals","5","7","0","24","24","114.0","7.26","4.03","1.74",".304","78.1%","47.7%","21.0%","4.66","5.53","4.85","0.0","14078"
"Chris Stratton","Angels","0","2","0","5","5","23.0","6.65","5.48","1.57",".368","69.3%","44.3%","17.4%","7.04","5.82","5.55","0.0","13761"
"Brett Martin","Rangers","0","1","0","2","2","1.2","16.20","10.80","0.00",".714","37.5%","57.1%","0.0%","27.00","5.01","5.01","0.0","17369"
"David Phelps","Blue Jays","0","0","0","1","1","1.0","9.00","9.00","0.00",".000","100.0%","100.0%","0.0%","0.00","4.21","4.21","0.0","6316"
"Buddy Boshers","Blue Jays","0","0","0","1","1","1.0","9.00","9.00","0.00",".000","100.0%","0.0%","0.0%","0.00","4.21","8.19","0.0","8490"
"Trey Wingenter","Padres","0","0","0","1","1","1.1","13.50","13.50","0.00",".333","0.0%","66.7%","0.0%","20.25","4.71","6.21","0.0","17793"
"Thomas Pannone","Blue Jays","0","5","0","7","7","24.2","8.76","3.28","2.19",".346","33.7%","27.7%","15.0%","11.31","5.77","5.83","0.0","17281"
"Josh Taylor","Red Sox","0","0","0","1","1","1.0","18.00","18.00","0.00",".500","100.0%","0.0%","0.0%","0.00","5.21","7.20","0.0","17359"
"Jeremy Hellickson","Nationals","2","3","0","8","8","37.0","7.30","4.86","1.95",".313","66.9%","39.3%","17.0%","6.08","6.11","5.82","0.0","4371"
"Chris Flexen","Mets","0","1","0","1","1","4.1","0.00","8.31","0.00",".350","45.5%","25.0%","0.0%","10.38","5.98","9.20","0.0","13896"
"Montana DuRapau","Pirates","0","1","0","2","2","2.2","16.88","6.75","3.38",".500","65.2%","42.9%","50.0%","10.13","6.59","3.21","0.0","16768"
"Jose Alvarez","Phillies","0","0","0","1","1","2.0","0.00","9.00","0.00",".143","100.0%","57.1%","0.0%","0.00","6.21","7.21","0.0","5358"
"Nick Kingham","Pirates","0","1","0","4","4","15.2","9.19","4.02","2.30",".423","58.4%","30.2%","16.7%","9.77","5.83","5.56","0.0","11694"
"Ryan Feierabend","Blue Jays","0","1","0","1","1","4.0","4.50","2.25","2.25",".375","60.6%","52.9%","16.7%","9.00","6.21","5.95","0.0","6336"
"Reggie McClain","Mariners","0","0","0","2","2","3.0","0.00","9.00","0.00",".429","55.6%","64.3%","0.0%","12.00","6.21","6.21","0.0","19311"
"Hector Rondon","Astros","0","1","0","1","1","0.2","13.50","13.50","0.00",".833","14.3%","50.0%","0.0%","81.00","9.21","12.20","0.0","2391"
"Tyson Ross","Tigers","1","5","0","7","7","35.1","6.37","4.58","1.78",".306","63.8%","51.3%","22.6%","6.11","5.99","5.16","0.0","7872"
"Garrett Richards","Padres","0","1","0","3","3","8.2","11.42","6.23","2.08",".364","60.6%","43.5%","28.6%","8.31","5.75","4.36","0.0","9784"
"Emmanuel Clase","Rangers","0","0","0","1","1","1.0","0.00","18.00","0.00",".333","100.0%","33.3%","0.0%","0.00","9.21","13.19","0.0","21032"
"Gerson Bautista","Mariners","0","1","0","2","2","2.0","9.00","18.00","0.00",".500","62.5%","12.5%","0.0%","13.50","7.21","9.20","0.0","19256"
"Ronald Bolanos","Padres","0","2","0","3","3","14.2","7.98","6.75","1.23",".268","63.1%","42.9%","18.2%","6.75","5.67","5.39","0.0","20041"
"Framber Valdez","Astros","2","4","0","8","8","35.2","9.84","5.80","1.77",".323","66.4%","70.6%","58.3%","7.07","5.77","3.88","0.0","17295"
"Cody Stashak","Twins","0","0","0","1","1","2.0","9.00","0.00","4.50",".200","100.0%","16.7%","20.0%","4.50","7.71","6.19","0.0","18088"
"Carson Fulmer","White Sox","0","1","0","2","2","3.0","12.00","9.00","3.00",".375","35.7%","44.4%","33.3%","12.00","7.88","5.54","0.0","18311"
"Nick Tropeano","Angels","0","1","0","1","1","5.0","5.40","5.40","1.80",".294","34.9%","27.8%","10.0%","12.60","7.01","8.39","0.0","12385"
"Johnny Cueto","Giants","1","2","0","4","4","16.0","7.31","5.06","1.69",".190","69.6%","53.5%","23.1%","5.06","5.71","4.89","0.0","6893"
"Jimmy Nelson","Brewers","0","2","0","3","3","12.0","9.75","7.50","1.50",".378","53.7%","33.3%","15.4%","9.75","5.96","5.95","-0.1","10547"
"Richard Bleier","Orioles","0","0","0","1","1","2.0","4.50","0.00","4.50",".286","62.5%","75.0%","100.0%","9.00","8.71","3.21","-0.1","7803"
"Tayler Scott","Mariners","0","0","0","2","2","1.1","6.75","27.00","0.00",".400","33.3%","40.0%","0.0%","27.00","10.71","13.70","-0.1","13652"
"Touki Toussaint","Braves","0","0","0","1","1","1.1","13.50","6.75","0.00",".750","30.0%","50.0%","0.0%","47.25","9.21","10.71","-0.1","16929"
"Josh A. Smith","Red Sox","0","2","0","2","2","7.1","7.36","3.68","2.45",".435","60.6%","12.5%","18.2%","9.82","6.76","6.20","-0.1","10946"
"Luis Garcia","Angels","0","0","0","2","2","2.0","4.50","0.00","4.50",".200","100.0%","66.7%","100.0%","4.50","8.71","3.21","-0.1","6984"
"Zac Reininger","Tigers","0","1","0","1","1","2.0","9.00","4.50","4.50",".500","43.5%","44.4%","33.3%","18.00","9.21","5.70","-0.1","15285"
"Joakim Soria","Athletics","0","0","0","1","1","1.0","18.00","0.00","9.00",".500","100.0%","66.7%","100.0%","9.00","12.21","1.20","-0.1","6941"
"Kyle Dowdy","Rangers","0","0","0","1","1","3.0","6.00","9.00","3.00",".300","71.4%","18.2%","16.7%","9.00","9.21","8.86","-0.1","19285"
"Yefry Ramirez","Orioles","0","1","0","1","1","3.1","8.10","10.80","2.70",".455","58.1%","27.3%","20.0%","10.80","8.91","8.00","-0.1","15655"
"Genesis Cabrera","Cardinals","0","2","0","2","2","8.1","5.40","4.32","2.16",".344","56.3%","30.3%","14.3%","6.48","6.57","6.80","-0.1","17490"
"Jimmy Yacabonis","Orioles","0","1","0","4","4","7.2","4.70","5.87","2.35",".250","68.6%","53.8%","20.0%","7.04","7.52","6.72","-0.1","15157"
"Lewis Thorpe","Twins","0","1","0","2","2","8.2","13.50","6.23","3.12",".500","79.7%","38.1%","42.9%","7.27","6.79","3.90","-0.1","15906"
"Enyel De Los Santos","Phillies","0","1","0","1","1","4.0","4.50","6.75","2.25",".500","69.8%","33.3%","33.3%","9.00","7.71","5.96","-0.1","18403"
"Jhoulys Chacin","- - -","3","12","0","24","24","102.1","8.88","3.96","2.20",".310","70.8%","37.9%","21.0%","6.07","5.88","5.02","-0.1","2608"
"Alex McRae","Pirates","0","1","0","2","2","6.1","1.42","5.68","1.42",".320","34.5%","38.5%","11.1%","9.95","6.85","7.62","-0.1","16317"
"Brock Burke","Rangers","0","2","0","6","6","26.2","4.73","3.71","2.03",".276","60.7%","50.0%","20.7%","7.43","6.55","5.79","-0.1","17968"
"Jose Alvarado","Rays","0","1","0","1","1","0.1","0.00","81.00","0.00",".500","75.0%","100.0%","0.0%","27.00","30.21","30.21","-0.1","17780"
"Derek Law","Blue Jays","0","0","0","4","4","4.0","4.50","6.75","2.25",".286","45.5%","60.0%","25.0%","11.25","7.71","6.45","-0.1","13133"
"Blake Parker","Phillies","0","1","0","2","2","3.0","12.00","0.00","6.00",".167","0.0%","12.5%","40.0%","9.00","9.21","3.86","-0.1","5224"
"Paul Blackburn","Athletics","0","1","0","1","1","3.0","12.00","9.00","3.00",".444","52.6%","33.3%","33.3%","15.00","8.88","6.54","-0.1","14739"
"Taylor Hearn","Rangers","0","1","0","1","1","0.1","0.00","108.00","0.00",".750","28.6%","50.0%","0.0%","108.00","39.21","45.18","-0.1","18325"
"Caleb Ferguson","Dodgers","0","1","0","2","2","4.1","6.23","8.31","2.08",".231","90.9%","42.9%","20.0%","4.15","7.60","6.89","-0.1","19349"
"Cory Gearrin","Mariners","0","1","0","2","2","2.0","9.00","9.00","4.50",".200","0.0%","50.0%","50.0%","18.00","10.71","6.20","-0.1","7947"
"Dylan Covey","White Sox","1","7","0","12","12","49.0","6.61","4.59","2.02",".321","55.2%","39.6%","20.0%","8.45","6.19","5.51","-0.1","14825"
"Odrisamer Despaigne","White Sox","0","2","0","3","3","13.1","4.73","4.73","2.03",".420","64.8%","26.4%","14.3%","9.45","6.89","7.10","-0.1","16017"
"Ryan Tepera","Blue Jays","0","0","0","1","1","1.0","0.00","9.00","9.00",".250","62.5%","0.0%","25.0%","18.00","19.21","14.17","-0.1","10291"
"Dario Agrazal","Pirates","4","5","0","14","14","71.1","5.05","2.27","1.89",".289","75.3%","39.9%","15.6%","5.05","6.00","5.95","-0.1","15821"
"Nick Vincent","Giants","0","1","0","1","1","1.0","0.00","0.00","9.00",".500","38.5%","14.3%","16.7%","27.00","16.21","15.15","-0.1","7555"
"Austin Adams","Mariners","0","0","0","2","2","1.2","10.80","10.80","5.40",".500","55.6%","40.0%","100.0%","16.20","12.21","5.61","-0.1","13801"
"Bryse Wilson","Braves","1","1","0","4","4","17.2","7.64","5.09","2.04",".340","60.6%","32.7%","17.4%","7.13","6.16","5.80","-0.1","19990"
"Andrew Moore","Mariners","0","0","0","1","1","4.2","3.86","1.93","3.86",".267","71.4%","17.6%","18.2%","7.71","8.57","7.69","-0.1","17553"
"Felix Hernandez","Mariners","1","8","0","15","15","71.2","7.16","3.14","2.13",".309","62.9%","48.1%","21.0%","6.40","6.00","5.17","-0.1","4772"
"Robert Dugger","Marlins","0","4","0","7","7","34.1","6.55","4.46","1.57",".262","62.2%","38.9%","14.0%","5.77","5.95","6.17","-0.1","19191"
"Matt Carasiti","Mariners","0","1","0","5","5","4.1","10.38","4.15","4.15",".500","61.0%","50.0%","33.3%","10.38","8.29","5.05","-0.1","13276"
"Ty Blach","Orioles","1","3","0","5","5","20.2","7.40","5.66","2.61",".388","49.2%","35.6%","22.2%","11.32","7.23","6.05","-0.1","14361"
"Jacob Barnes","Brewers","0","0","0","1","1","1.0","27.00","27.00","9.00","1.000","55.6%","50.0%","100.0%","27.00","19.21","8.20","-0.1","12323"
"Kyle McGowin","Nationals","0","0","0","1","1","4.0","4.50","2.25","4.50",".267","47.6%","52.9%","33.3%","11.25","9.46","5.95","-0.1","15071"
"Shelby Miller","Rangers","1","3","0","8","8","29.1","6.14","7.06","1.53",".337","56.1%","38.7%","12.2%","9.51","6.62","7.19","-0.1","10197"
"Nick Margevicius","Padres","2","6","0","12","12","53.1","6.41","2.87","2.03",".316","65.5%","42.5%","21.1%","6.41","5.84","5.04","-0.1","20395"
"Michael Feliz","Pirates","0","1","0","1","1","0.1","0.00","27.00","27.00",".750","0.0%","0.0%","50.0%","135.00","51.21","24.15","-0.1","11903"
"Pedro Payano","Rangers","0","2","0","4","4","16.0","5.63","7.31","1.69",".370","64.0%","50.0%","21.4%","7.31","7.03","6.33","-0.2","18313"
"Ryan Borucki","Blue Jays","0","1","0","2","2","6.2","8.10","8.10","2.70",".500","60.4%","39.3%","16.7%","10.80","8.01","7.69","-0.2","16350"
"Rookie Davis","Pirates","0","1","0","1","1","3.0","6.00","15.00","3.00",".300","79.0%","30.0%","33.3%","9.00","11.21","8.87","-0.2","14962"
"James Marvel","Pirates","0","3","0","4","4","17.1","4.67","3.12","2.08",".333","62.0%","52.3%","23.5%","8.31","6.56","5.51","-0.2","19675"
"Gregory Soto","Tigers","0","3","0","7","7","23.1","6.17","4.63","2.31",".313","60.7%","40.0%","16.7%","8.49","6.73","6.45","-0.2","19677"
"Kohl Stewart","Twins","1","1","0","2","2","12.0","2.25","3.75","2.25",".268","74.3%","55.8%","27.3%","6.00","7.21","5.79","-0.2","15502"
"Marco Estrada","Athletics","0","2","0","5","5","23.2","4.18","3.04","2.66",".208","62.0%","19.3%","12.7%","6.85","7.52","8.30","-0.2","1118"
"Cody Anderson","Indians","0","1","0","2","2","3.2","9.82","14.73","2.45",".364","56.6%","16.7%","16.7%","14.73","10.30","10.01","-0.2","12799"
"Clayton Richard","Blue Jays","1","5","0","10","10","45.1","4.37","3.57","1.79",".297","67.3%","55.8%","24.3%","5.96","6.28","5.32","-0.2","3551"
"Sean Gilmartin","Orioles","0","1","0","1","1","2.1","3.86","7.71","7.71",".455","64.5%","30.8%","25.0%","19.29","16.07","11.75","-0.2","12781"
"Alex Wood","Reds","1","3","0","7","7","35.2","7.57","2.27","2.78",".294","73.0%","38.2%","29.7%","5.80","6.38","4.44","-0.2","13781"
"Jose Rodriguez","Angels","0","1","0","1","1","2.0","4.50","4.50","9.00",".286","90.9%","33.3%","50.0%","13.50","16.71","7.69","-0.2","17860"
"Danny Salazar","Indians","0","1","0","1","1","4.0","4.50","6.75","4.50",".200","100.0%","41.7%","33.3%","4.50","10.96","7.45","-0.2","5867"
"Jalen Beeks","Rays","0","2","0","3","3","12.1","8.76","4.38","2.92",".415","56.1%","48.9%","28.6%","10.95","6.94","4.99","-0.2","17192"
"Luis Ortiz","Orioles","0","1","0","1","1","3.1","8.10","13.50","5.40",".250","80.7%","30.0%","40.0%","10.80","13.71","8.90","-0.2","16942"
"Chandler Shepherd","Orioles","0","0","0","3","3","12.0","9.00","2.25","3.75",".323","61.5%","33.3%","29.4%","8.25","7.88","5.28","-0.2","16166"
"Adbert Alzolay","Cubs","0","1","0","2","2","7.1","8.59","6.14","3.68",".348","70.3%","30.8%","30.0%","9.82","9.08","6.47","-0.2","17859"
"Tim Melville","Rockies","2","3","0","7","7","33.1","6.48","3.78","2.43",".263","85.2%","43.0%","25.0%","4.86","6.63","5.27","-0.2","9149"
"Tom Eshelman","Orioles","0","2","0","4","4","18.1","7.36","2.95","3.44",".304","54.5%","28.6%","26.9%","7.36","7.52","5.38","-0.2","18361"
"Conner Menez","Giants","0","1","0","3","3","12.2","9.95","5.68","2.84",".250","67.2%","30.0%","26.7%","7.11","7.00","5.25","-0.2","19199"
"Eric Skoglund","Royals","0","3","0","4","4","16.0","1.69","4.50","2.25",".306","60.6%","37.9%","14.3%","9.00","7.78","8.01","-0.2","16155"
"Andrew Suarez","Giants","0","2","0","2","2","10.0","6.30","6.30","2.70",".313","50.6%","34.3%","27.3%","9.00","7.81","6.10","-0.2","18300"
"Heath Fillmyer","Royals","0","1","0","3","3","12.0","5.25","3.75","3.00",".326","56.7%","40.4%","23.5%","10.50","8.13","6.62","-0.2","17466"
"Drew Pomeranz","- - -","2","9","0","18","18","75.1","10.39","4.30","2.15",".348","74.2%","36.4%","21.4%","5.97","5.60","4.72","-0.3","11426"
"Rico Garcia","Rockies","0","1","0","1","1","5.0","3.60","9.00","5.40",".267","76.9%","47.1%","42.9%","10.80","13.21","8.20","-0.3","20023"
"Erik Swanson","Mariners","1","5","0","8","8","33.1","6.75","1.35","3.24",".257","44.1%","32.2%","23.1%","7.56","6.84","5.27","-0.3","16587"
"Edinson Volquez","Rangers","0","1","0","4","4","9.1","5.79","9.64","2.89",".394","64.2%","44.4%","30.0%","11.57","9.32","7.27","-0.3","3990"
"Matt Harvey","Angels","3","5","0","12","12","59.2","5.88","4.37","1.96",".275","61.2%","42.8%","22.4%","7.09","6.35","5.45","-0.3","11713"
"Wade LeBlanc","Mariners","2","4","0","8","8","36.2","7.36","2.21","2.95",".370","62.5%","35.3%","21.4%","8.35","6.57","5.35","-0.3","5221"
"Kyle Wright","Braves","0","3","0","4","4","16.2","7.56","7.02","2.16",".360","59.2%","39.6%","23.5%","9.72","7.17","6.08","-0.3","19665"
"Stephen Tarpley","Yankees","0","0","0","1","1","1.0","0.00","0.00","27.00",".250","100.0%","28.6%","60.0%","36.00","42.21","13.16","-0.3","15859"
"Tyler Anderson","Rockies","0","3","0","5","5","20.2","10.02","4.79","3.48",".391","51.8%","41.4%","34.8%","11.76","7.62","4.80","-0.3","12880"
"Ross Detwiler","White Sox","3","5","0","12","12","57.0","6.00","3.47","2.37",".284","73.9%","46.5%","20.3%","5.84","6.62","5.78","-0.3","2859"
"Jerad Eickhoff","Phillies","3","4","0","10","10","53.1","7.43","2.87","2.70",".234","79.0%","34.9%","22.2%","5.40","6.53","5.32","-0.3","12664"
"Dillon Peters","Angels","3","4","0","12","12","55.2","6.79","3.72","2.26",".303","68.6%","38.5%","19.7%","5.82","6.43","5.70","-0.4","18790"
"Taylor Clarke","Diamondbacks","4","4","0","15","15","64.1","7.13","3.36","2.24",".295","69.1%","39.8%","18.8%","5.88","6.21","5.61","-0.4","17611"
"Hector Noesi","Marlins","0","3","0","4","4","18.1","7.36","5.89","2.95",".264","40.7%","35.1%","22.2%","11.29","7.96","6.63","-0.4","3292"
"Ryan Carpenter","Tigers","1","6","0","9","9","40.2","5.53","2.88","2.66",".338","50.7%","35.3%","19.4%","9.30","6.93","6.12","-0.4","12699"
"Ervin Santana","White Sox","0","2","0","3","3","13.1","3.38","4.05","4.05",".277","66.3%","32.1%","20.0%","9.45","9.66","8.29","-0.4","3200"
"Jaime Barria","Angels","2","7","0","13","13","60.1","8.35","2.83","2.83",".239","75.9%","33.9%","21.6%","5.52","6.45","5.25","-0.4","18356"
"Jeff Hoffman","Rockies","2","6","0","15","15","70.0","8.74","4.37","2.70",".298","74.8%","35.1%","23.6%","6.56","6.80","5.43","-0.4","17432"
"Glenn Sparkman","Royals","4","10","0","23","23","118.1","5.32","2.66","2.13",".292","65.3%","37.4%","16.5%","6.31","6.10","5.88","-0.4","15200"
"Manny Banuelos","White Sox","2","4","0","8","8","34.2","8.31","5.45","2.86",".356","70.9%","30.3%","22.9%","8.05","7.40","6.03","-0.4","5365"
"Dereck Rodriguez","Giants","5","10","0","16","16","78.1","6.43","3.33","2.07",".276","62.4%","42.7%","20.5%","5.40","5.92","5.17","-0.5","14509"
"Jose Suarez","Angels","2","6","0","15","15","67.0","8.06","3.49","2.55",".316","69.0%","36.1%","20.7%","6.85","6.68","5.72","-0.5","19911"
"Jorge Lopez","Royals","3","8","0","18","18","86.1","7.40","3.23","2.19",".304","65.7%","44.5%","22.1%","6.57","6.16","5.18","-0.5","14527"
"Trevor Cahill","Angels","2","5","0","11","11","53.1","7.26","3.04","2.70",".252","65.3%","40.6%","25.0%","6.92","6.68","5.17","-0.5","6249"
"Corbin Martin","Astros","1","1","0","5","5","19.1","8.84","5.59","3.72",".283","88.2%","42.6%","32.0%","5.59","8.49","5.68","-0.5","19884"
"Joseph Palumbo","Rangers","0","3","0","4","4","10.2","11.81","5.06","5.91",".433","60.4%","33.3%","46.7%","14.34","11.37","5.64","-0.5","17035"
"Dan Straily","Orioles","1","4","0","8","8","33.1","4.86","4.05","3.24",".307","69.3%","29.4%","19.4%","8.10","8.25","7.27","-0.5","9460"
"David Hess","Orioles","1","10","0","14","14","67.2","7.71","3.33","3.19",".270","57.6%","32.7%","23.3%","7.18","7.22","5.64","-0.6","16130"
"Alex Cobb","Orioles","0","2","0","3","3","12.1","5.84","1.46","6.57",".293","67.3%","46.0%","60.0%","10.95","11.89","4.82","-0.6","6562"
"Derek Holland","- - -","1","5","0","8","8","36.2","10.31","5.89","2.70",".303","63.8%","39.4%","26.8%","8.10","6.95","5.27","-0.6","4141"
"Nathan Eovaldi","Red Sox","1","1","0","12","12","54.1","8.61","5.13","2.48",".284","74.6%","42.6%","25.4%","6.13","6.71","5.28","-0.6","9132"
"Gabriel Ynoa","Orioles","0","9","0","13","13","64.1","4.20","2.10","2.80",".251","71.4%","43.9%","21.7%","6.02","7.16","5.97","-0.6","12938"
"Edwin Jackson","- - -","2","9","0","13","13","55.1","7.32","3.90","2.77",".372","49.9%","43.3%","24.3%","9.76","7.05","5.57","-0.6","1841"
"Corbin Burnes","Brewers","0","2","0","4","4","17.2","12.23","4.08","5.60",".404","75.2%","41.8%","57.9%","10.70","9.95","3.99","-0.7","19361"
